time,text,mode,size,color,user,dmid,likes
68.936,所以只要我单集循环就永远不会完结的,1,25,16777215,930c2a8b,54025645468527104,0
9.833,团长:这个我熟,1,25,16777215,9cf46870,1299405254471092224,0
1203.21,长大了,1,25,16777215,9c969ed7,1293553444711694592,0
1439.921,会的！,1,25,16777215,4034f4a5,1286346897627731968,0
6.699,想起凉宫了,1,25,16777215,50fc0d49,1245848124342189312,0
152.623,小手一抖,1,25,16777215,8c65bfd8,1242792816619404032,0
56.719,完了，每天都早起,1,25,16777215,75de9d76,1231298690354915072,0
829.0,老妈明白人,1,25,16777215,944008c2,1097765344279487232,0
73.516,完结撒花,1,25,16777215,12ef8973,32855174574768131,0
64.458,完结撒花,1,25,16777215,e82a01f2,1557481797451780,0
